<?xml version="1.0" encoding="UTF-8"?>

<!DOCTYPE mule-configuration PUBLIC "-//MuleSource //DTD mule-configuration XML V1.0//EN"
                                "http://mule.mulesource.org/dtds/mule-configuration.dtd">

<mule-configuration id="Hello_Sample" version="1.0">

    <description>
    The hello sample application has two components -
    1. The Greeter component that adds a greeting to the event it receives
    2. The ChitChater component that adds some additional conversation to the event it receives
    An event is triggered by input through the system console and the outbound event is
    aslo written out through the system console.
    This configuration also demonstrates user and system error handling. User error handling returns
    an error message to the end user. System error handling logs errors.
    </description>

    <!--
        The system stream connector is used to send and receive information via the
        System.in and System.out. Note this connector is only really useful for testing
        purposes.
        promptMessage - is what is written to the console
        messageDelayTime - is the time in milliseconds before the user is prompted again.
        These properties are set as bean properties on the connector.
    -->
    <connector name="SystemStreamConnector" className="org.mule.providers.stream.SystemStreamConnector">
        <properties>
            <property name="promptMessageCode" value="3"/>
            <property name="resourceBundle" value="messages.hello-example-messages"/>
            <property name="messageDelayTime" value="1000"/>
        </properties>
    </connector>

    <!--
        All transformers must be defined here.  For this example we have two transformers
        used to transform the inbound events for the Greeter and Chatter components into
        objects they understand.  The entryPointResolver configured on the Model below will
        determine which method to call on our components based on the return types of these
        transformers.
    -->
    <transformers>
        <transformer name="StdinToNameString" className="org.mule.samples.hello.StdinToNameString"/>
        <transformer name="NameStringToChatString" className="org.mule.samples.hello.NameStringToChatString"/>
        <transformer name="ChatStringToString" className="org.mule.samples.hello.ChatStringToString"/>
        <transformer name="ExceptionToString" className="org.mule.samples.hello.ExceptionToString"/>
    </transformers>

    <!--
        An interceptor is a piece of code that can be configued to execute
        before and/or after an event is received for a component.
        You can define a stack of interceptors that will be executed in sequence.
        You can then configure the stack on your components.
    -->
    <interceptor-stack name="default">
        <interceptor className="org.mule.interceptors.LoggingInterceptor"/>
        <interceptor className="org.mule.interceptors.TimerInterceptor"/>
    </interceptor-stack>
    <!--
        The Mule model initialises and manages your UMO components
    -->
    <model name="helloSample">
        <!--
            A Mule descriptor defines all the necessary information about how your components will
            interact with the framework, other components in the system and external sources.
            Please refer to the Configuration Guide for a full description of all the parameters.
        -->
        <mule-descriptor name="GreeterUMO" implementation="org.mule.samples.hello.Greeter">
            <inbound-router>
                <endpoint address="stream://System.in" transformers="StdinToNameString"/>
            </inbound-router>
            
            <outbound-router>
                <router className="org.mule.routing.outbound.FilteringOutboundRouter">
                    <endpoint address="vm://chitchatter"/>
                    <filter expectedType="org.mule.samples.hello.NameString" className="org.mule.routing.filters.PayloadTypeFilter"/>
                </router>
                
                <router className="org.mule.routing.outbound.FilteringOutboundRouter">
                    <endpoint address="vm://userErrorHandler"/>
                    <filter expectedType="java.lang.Exception" className="org.mule.routing.filters.PayloadTypeFilter"/>
                </router>
            </outbound-router>

            <!--
            Here we tell this component to use the interceptor stack defined above
            -->
            <interceptor name="default"/>
            
            <!-- Route unexpected errors to separate error handler -->
            <exception-strategy className="org.mule.impl.DefaultComponentExceptionStrategy">
                <endpoint address="vm://systemErrorHandler"/>
            </exception-strategy>
            
        </mule-descriptor>

        <mule-descriptor name="ChitChatUMO" implementation="org.mule.samples.hello.ChitChatter">

            <inbound-router>
                <endpoint address="vm://chitchatter" transformers="NameStringToChatString"/>
            </inbound-router>
            <outbound-router>
                <router className="org.mule.routing.outbound.OutboundPassThroughRouter">
                    <endpoint address="stream://System.out" transformers="ChatStringToString" />
                </router>
            </outbound-router>
            <interceptor name="default"/>
        </mule-descriptor>
        
        <!-- This error handler returns user error messages to caller. Errors could also be routed elsewhere,
            e.g. into an error file, send via email to a list, stored in a database, etc. -->
        <mule-descriptor name="UserErrorHandler" implementation="org.mule.components.simple.BridgeComponent">
            <inbound-router>
                <endpoint address="vm://userErrorHandler" transformers="ExceptionToString"/>
            </inbound-router>
            <outbound-router>
                <router className="org.mule.routing.outbound.OutboundPassThroughRouter">
                    <endpoint address="stream://System.out"/>
                </router>
            </outbound-router>
        </mule-descriptor>
                
        <!-- Handle any unexpected errors. Errors could also be routed elsewhere,
            e.g. into an error file, send via email to a list, stored in a database, etc. -->
        <mule-descriptor name="SystemErrorHandler" implementation="org.mule.components.simple.BridgeComponent">
            <inbound-router>
                <endpoint address="vm://systemErrorHandler"/>
            </inbound-router>
            <outbound-router>
                <router className="org.mule.routing.outbound.OutboundPassThroughRouter">
                    <endpoint address="stream://System.err"/>
                </router>
            </outbound-router>            
        </mule-descriptor>        
    </model>
</mule-configuration>
