<?xml version="1.0" encoding="UTF-8"?>

<!DOCTYPE mule-configuration PUBLIC "-//MuleSource //DTD mule-configuration XML V1.0//EN"
                                "http://mule.mulesource.org/dtds/mule-configuration.dtd">

<mule-configuration id="Mule_Loan_broker_Synchronous_Sample" version="1.0">
    <description>
    This loan broker example is modeled on the Enterprise integration Patterns book
    sample.
    This implementation differs in that this configuration uses an synchronous
    model where each component is invoked from the LoanBroker component.
    </description>

    <mule-environment-properties synchronous="true" serverUrl=""/>
 
    <!-- Synchronous VM connector (messages are processed in the same execution thread) -->
    <connector name="syncVm" className="org.mule.providers.vm.VMConnector"/>
    
    <model name="loan-broker">
        <mule-descriptor name="LoanBroker" implementation="org.mule.examples.loanbroker.esn.SynchronousLoanBroker">

            <inbound-router>
                <global-endpoint name="CustomerRequests"/>
            </inbound-router>

            <nested-router>
                <binding interface="org.mule.examples.loanbroker.credit.CreditAgencyService">
                    <global-endpoint name="CreditAgency"/>
                </binding>
            </nested-router>

            <outbound-router>
                <router className="org.mule.routing.outbound.FilteringOutboundRouter">
                    <global-endpoint name="LenderService"/>
                </router>
            </outbound-router>

            <response-router timeout="10000">
                <global-endpoint name="LoanBrokerQuotes"/>
                <router className="org.mule.examples.loanbroker.routers.BankQuotesResponseAggregator"/>
            </response-router>
            
        </mule-descriptor>

        <!--
        The credit agency service will get the credit profile for a customer
        -->
        <mule-descriptor name="CreditAgencyService"
                         implementation="org.mule.examples.loanbroker.credit.DefaultCreditAgency">
            <inbound-router>
                <global-endpoint name="CreditAgencyIn"/>
            </inbound-router>
        </mule-descriptor>

        <!--
        The Lender service is used to determine which banks to contact for a quote
        -->
        <mule-descriptor name="LenderService"
                         implementation="org.mule.examples.loanbroker.lender.DefaultLender">
            <inbound-router>
                <global-endpoint name="LenderService"/>
            </inbound-router>
            <outbound-router>
                <router className="org.mule.routing.outbound.FilteringOutboundRouter">
                    <global-endpoint name="BankGateway" transformers="SetLendersAsRecipients"/>
                </router>
            </outbound-router>
        </mule-descriptor>
            
        <mule-descriptor name="BankGateway"
                         implementation="org.mule.components.simple.BridgeComponent">
            <inbound-router>
                <global-endpoint name="BankGateway"/>
            </inbound-router>
            <outbound-router>
                <catch-all-strategy className="org.mule.routing.LoggingCatchAllStrategy"/>
                <router className="org.mule.routing.outbound.StaticRecipientList">
                    <reply-to address="LoanBrokerQuotes"/>
                    <filter expression="recipients!=null" className="org.mule.routing.filters.MessagePropertyFilter"/>
                </router>
            </outbound-router>
        </mule-descriptor>

        <mule-descriptor name="Bank1" implementation="org.mule.examples.loanbroker.bank.Bank">
            <inbound-router>
                <global-endpoint name="Bank1In"/>
            </inbound-router>
        </mule-descriptor>

        <mule-descriptor name="Bank2" implementation="org.mule.examples.loanbroker.bank.Bank">
            <inbound-router>
                <global-endpoint name="Bank2In"/>
            </inbound-router>
        </mule-descriptor>

        <mule-descriptor name="Bank3" implementation="org.mule.examples.loanbroker.bank.Bank">
            <inbound-router>
                <global-endpoint name="Bank3In"/>
            </inbound-router>
        </mule-descriptor>

        <mule-descriptor name="Bank4" implementation="org.mule.examples.loanbroker.bank.Bank">
            <inbound-router>
                <global-endpoint name="Bank4In"/>
            </inbound-router>
        </mule-descriptor>

        <mule-descriptor name="Bank5" implementation="org.mule.examples.loanbroker.bank.Bank">
            <inbound-router>
                <global-endpoint name="Bank5In"/>
            </inbound-router>
        </mule-descriptor>
    </model>
</mule-configuration>
