<?xml version="1.0" encoding="UTF-8"?>

<!DOCTYPE mule-configuration PUBLIC "-//MuleSource //DTD mule-configuration XML V1.0//EN"
                                "http://mule.mulesource.org/dtds/mule-configuration.dtd">

<mule-configuration id="Mule_Loan_broker_ESB_with_Ejb_Container" version="1.0">

    <description>
    The Loan Broker ESB example implements the Loan Broker Example using an ESB topology.
    See http://mule.mulesource.org/wiki/display/MULE/LoanBroker+ESB for details.

    Instead of using an ejb Connector as in the other configuration (see mule-config.xml in this directory)
    We configure an EJB container context and reference the EJB session bean directly as a Mule Managed component
    The advantage of using an EjbContainerContext over an Ejb Connector is that the container is early binding where as
    connector is only invoked once an event is received for the referenced Ejb.
    </description>

    <container-context className="org.mule.impl.container.EjbContainerContext">
        <properties>
            <property name="securityPolicy" value="security.policy"/>
            <map name="environment">
                <property name="java.naming.factory.initial" value="org.openejb.client.LocalInitialContextFactory"/>
                <property name="java.naming.provider.url" value="rmi://localhost:1099"/>
                <system-property name="openejb.base" key="mule.home"/>
                <property name="openejb.configuration" value="./lib/user/openejb.conf"/>
                <property name="logging.conf" value="./conf/log4j.properties"/>
                <property name="openejb.nobanner" value="true"/>
                <!-- Override properties for unit tests. -->
                <file-properties location="openejb.properties" override="true"/>
            </map>
        </properties>
    </container-context>

    <!-- Embed Spring configuration to create a Jms Connection factory -->
    <container-context className="org.mule.extras.spring.SpringContainerContext">
        <properties>
            <text-property name="configuration">
                <![CDATA[
                <!DOCTYPE beans PUBLIC "-//SPRING//DTD BEAN//EN" "http://www.springframework.org/dtd/spring-beans.dtd">
                <beans>
                    <bean id="jmsConnectionFactory" class="org.apache.activemq.ActiveMQConnectionFactory">
                        <property name="brokerURL"><value>vm://localhost?broker.persistent=false&amp;broker.useJmx=false</value></property>
                    </bean>
                </beans>
                ]]>
            </text-property>
        </properties>
    </container-context>

    <connector name="jmsConnector" className="org.mule.providers.jms.activemq.ActiveMqJmsConnector">
        <properties>
            <!-- The ActiveMQ ConnectionFactory is configured as a Spring bean. -->
            <container-property name="connectionFactory" reference="jmsConnectionFactory"/>
            <property name="specification" value="1.1"/>
        </properties>
    </connector>

    <!-- TODO Move these to global-endpoints once MULE-1464 is fixed. -->
    <endpoint-identifiers>
        <endpoint-identifier name="CustomerRequestsREST" value="jetty:rest://localhost:8888/loanbroker"/>
        <endpoint-identifier name="CustomerRequests" value="vm://customer.requests"/>
        <endpoint-identifier name="CustomerResponses" value="LoanQuotes"/>
        <endpoint-identifier name="LoanQuotes" value="jms://esb.loan.quotes"/>
        <endpoint-identifier name="CreditAgencyGateway" value="jms://esb.credit.agency"/>
        <!-- This endpoint is used to pass events to the Credit Agency Ejb
        Notice we set the 'method' param on the endpoint. This is because we need to tell
        Mule which meothod to invoke as Mule cannot introspect the EJB proxy -->
        <endpoint-identifier name="CreditAgency" value="vm://credit.agency.service?method=getCreditProfile"/>
        <endpoint-identifier name="LenderGateway" value="jms://esb.lender.service"/>
        <endpoint-identifier name="LenderService" value="vm://lender.service"/>
        <endpoint-identifier name="BankingGateway" value="jms://esb.banks"/>
    </endpoint-identifiers>

    <transformers>
        <transformer name="RestRequestToCustomerRequest" className="org.mule.examples.loanbroker.transformers.RestRequestToCustomerRequest"/>
        <transformer name="LoanQuoteRequestToCreditProfileArgs" className="org.mule.examples.loanbroker.transformers.LoanQuoteRequestToCreditProfileArgs"/>
        <transformer name="CreditProfileXmlToCreditProfile" className="org.mule.examples.loanbroker.transformers.CreditProfileXmlToCreditProfile"/>
        <transformer name="SetLendersAsRecipients" className="org.mule.examples.loanbroker.transformers.SetLendersAsRecipients" />
        <transformer name="ObjectToJMSMessage" className="org.mule.providers.jms.transformers.ObjectToJMSMessage"/>
    </transformers>

    <global-endpoints>
        <endpoint name="Bank1" address="axis:http://localhost:10080/mule/Bank1?method=getLoanQuote"/>
        <endpoint name="Bank2" address="axis:http://localhost:20080/mule/Bank2?method=getLoanQuote"/>
        <endpoint name="Bank3" address="axis:http://localhost:30080/mule/Bank3?method=getLoanQuote"/>
        <endpoint name="Bank4" address="axis:http://localhost:40080/mule/Bank4?method=getLoanQuote"/>
        <endpoint name="Bank5" address="axis:http://localhost:50080/mule/Bank5?method=getLoanQuote"/>
        <endpoint name="Bank1In" address="axis:http://localhost:10080/mule"/>
        <endpoint name="Bank2In" address="axis:http://localhost:20080/mule"/>
        <endpoint name="Bank3In" address="axis:http://localhost:30080/mule"/>
        <endpoint name="Bank4In" address="axis:http://localhost:40080/mule"/>
        <endpoint name="Bank5In" address="axis:http://localhost:50080/mule"/>
    </global-endpoints>

    <!--
        The Mule model initialises and manages your UMO components
    -->
    <model name="loan-broker">
        <!--
        The loan broker is used to receive loan requests
        -->
        <mule-descriptor name="LoanBroker"
            implementation="org.mule.examples.loanbroker.AsynchronousLoanBroker">

            <inbound-router>
                <endpoint address="CustomerRequestsREST" transformers="RestRequestToCustomerRequest"/>
                <endpoint address="CustomerRequests"/>
            </inbound-router>

            <outbound-router>
                <router className="org.mule.routing.outbound.OutboundPassThroughRouter">
                    <endpoint address="CreditAgencyGateway"/>
                </router>
            </outbound-router>

            <response-router timeout="10000">
                <endpoint address="LoanQuotes"/>
                <router className="org.mule.examples.loanbroker.routers.BankQuotesResponseAggregator"/>
            </response-router>
        </mule-descriptor>

        <!--
        The credit agency service will get the credit profile for a customer
        -->
         <mule-descriptor name="CreditAgencyGateway"
            implementation="org.mule.components.builder.ReflectionMessageBuilder">

            <inbound-router>
                <endpoint address="CreditAgencyGateway"/>
            </inbound-router>

            <outbound-router>
                <router className="org.mule.routing.outbound.FilteringOutboundRouter">
                    <!-- We invoke the credit Agency service using remoteSync which means that a response
                    will be returned from the service. there is also a responseTransformer that will
                    conver the Xml returned from the CreditAgency Ejb into a CreditProfile object -->
                    <endpoint remoteSync="true" transformers="LoanQuoteRequestToCreditProfileArgs"
                        responseTransformers="CreditProfileXmlToCreditProfile" address="CreditAgency"/>
                    <endpoint address="LenderGateway"/>
                </router>
            </outbound-router>
        </mule-descriptor>

        <!--  This is the CreditAgency Ejb component.  The implementation is the Jndi naming location
        of the the Home interface for the CreditAgency bean.  This is just a single inbound endpoint which
        with return the result of the invocation
        -->
        <mule-descriptor name="CreditAgency" implementation="local/CreditAgency">
            <inbound-router>
                <endpoint address="CreditAgency"/>
            </inbound-router>
        </mule-descriptor>

        <mule-descriptor name="LenderGateway"
                         implementation="org.mule.components.simple.BridgeComponent">

            <inbound-router>
                <endpoint address="LenderGateway"/>
            </inbound-router>

            <outbound-router>
                <router className="org.mule.routing.outbound.ChainingRouter">
                    <endpoint remoteSync="true" address="LenderService"/>
                    <endpoint address="BankingGateway" transformers="SetLendersAsRecipients ObjectToJMSMessage"/>
                </router>
            </outbound-router>
        </mule-descriptor>

        <mule-descriptor name="LenderService"
                         implementation="org.mule.examples.loanbroker.lender.DefaultLender">

            <inbound-router>
                <endpoint address="LenderService"/>
            </inbound-router>
        </mule-descriptor>

        <mule-descriptor name="BankingGateway"
            implementation="org.mule.components.simple.BridgeComponent">

            <inbound-router>
                <endpoint address="BankingGateway"/>
            </inbound-router>

            <outbound-router>
                <router className="org.mule.routing.outbound.StaticRecipientList">
                    <reply-to address="LoanQuotes"/>
                </router>
            </outbound-router>
        </mule-descriptor>

        <!--
        These are mock bank services that represent remote bank loan services
        One or more of these are selected by the LenderService and a request
        is routed to them.   The lenderService outbound router also defines a
        replyTo property which will be used by Mule to route the responses back
        to the LoanBrokerQuotes destination
        -->
        <mule-descriptor name="Bank1" implementation="org.mule.examples.loanbroker.bank.Bank">
            <inbound-router>
                <global-endpoint name="Bank1In"/>
            </inbound-router>
        </mule-descriptor>

        <mule-descriptor name="Bank2" implementation="org.mule.examples.loanbroker.bank.Bank">
            <inbound-router>
                <global-endpoint name="Bank2In"/>
            </inbound-router>
        </mule-descriptor>

        <mule-descriptor name="Bank3" implementation="org.mule.examples.loanbroker.bank.Bank">
            <inbound-router>
                <global-endpoint name="Bank3In"/>
            </inbound-router>
        </mule-descriptor>

        <mule-descriptor name="Bank4" implementation="org.mule.examples.loanbroker.bank.Bank">
            <inbound-router>
                <global-endpoint name="Bank4In"/>
            </inbound-router>
        </mule-descriptor>

        <mule-descriptor name="Bank5" implementation="org.mule.examples.loanbroker.bank.Bank">
            <inbound-router>
                <global-endpoint name="Bank5In"/>
            </inbound-router>
        </mule-descriptor>
    </model>
</mule-configuration>
