<?xml version="1.0" encoding="UTF-8"?>

<!DOCTYPE mule-configuration PUBLIC "-//MuleSource //DTD mule-configuration XML V1.0//EN"
                                "http://mule.mulesource.org/dtds/mule-configuration.dtd">

<mule-configuration id="Mule_Loan_broker_Synchronous_Sample" version="1.0">
    <description>
    This loan broker example is modeled on the Enterprise integration Patterns book
    sample.
    This implementation differs in that this configuration uses an synchronous
    model where each component is invoked from the LoanBroker component.
    </description>

    <!-- for some reason Axis auto typing doesn't always work and you need to define the top-level
    bean types for the objects you're passing around -->
    <connector name="axisConnector" className="org.mule.providers.soap.axis.AxisConnector">
        <properties>
            <list name="beanTypes">
                <entry value="org.mule.examples.loanbroker.messages.CreditProfile"/>
                <entry value="org.mule.examples.loanbroker.messages.Customer"/>
                <entry value="org.mule.examples.loanbroker.messages.CustomerQuoteRequest"/>
                <entry value="org.mule.examples.loanbroker.messages.LoanBrokerQuoteRequest"/>
                <entry value="org.mule.examples.loanbroker.messages.LoanQuote"/>
            </list>
        </properties>
    </connector>

    <transformers>
        <transformer name="ExtractCustomer" className="org.mule.transformers.simple.GetBeanProperty">
            <properties>
                <property name="propertyName" value="customerRequest.customer" />
            </properties>
        </transformer>
        <transformer name="SetLendersAsRecipients" className="org.mule.examples.loanbroker.transformers.SetLendersAsRecipients" />
    </transformers>
    
    <global-endpoints>
        <endpoint name="CustomerRequests" address="vm://customer.requests" connector="syncVm"/>
        <endpoint name="LoanBrokerQuotes" address="vm://loan.quotes" connector="syncVm"/>
        <endpoint name="CreditAgency" address="axis:http://localhost:18080/mule/CreditAgencyService?method=getCreditProfile"/>
        <endpoint name="CreditAgencyIn" address="axis:http://localhost:18080/mule"/>
        <endpoint name="LenderService" address="vm://lender.service?method=setLenderList" connector="syncVm"/>
        <endpoint name="BankGateway" address="vm://bank.gateway" connector="syncVm"/>

        <endpoint name="Bank1" address="axis:http://localhost:10080/mule/Bank1?method=getLoanQuote"/>
        <endpoint name="Bank1In" address="axis:http://localhost:10080/mule"/>

        <endpoint name="Bank2" address="axis:http://localhost:20080/mule/Bank2?method=getLoanQuote"/>
        <endpoint name="Bank2In" address="axis:http://localhost:20080/mule"/>

        <endpoint name="Bank3" address="axis:http://localhost:30080/mule/Bank3?method=getLoanQuote"/>
        <endpoint name="Bank3In" address="axis:http://localhost:30080/mule"/>

        <endpoint name="Bank4" address="axis:http://localhost:40080/mule/Bank4?method=getLoanQuote"/>
        <endpoint name="Bank4In" address="axis:http://localhost:40080/mule"/>

        <endpoint name="Bank5" address="axis:http://localhost:50080/mule/Bank5?method=getLoanQuote"/>
        <endpoint name="Bank5In" address="axis:http://localhost:50080/mule"/>
    </global-endpoints>
    
</mule-configuration>
